Year,Team,Record,Wins,Losses,Win%
2017-18,ATL,24-58,24,58,0.293
2016-17,ATL,43-39,43,39,0.524
2015-16,ATL,48-34,48,34,0.585
2014-15,ATL,60-22,60,22,0.732
2013-14,ATL,38-44,38,44,0.463
2012-13,ATL,44-38,44,38,0.537
2011-12 *,ATL,40-26,40,26,0.606
2010-11,ATL,44-38,44,38,0.537
2009-10,ATL,53-29,53,29,0.646
2008-09,ATL,47-35,47,35,0.573
2007-08,ATL,37-45,37,45,0.451
2006-07,ATL,30-52,30,52,0.366
2005-06,ATL,26-56,26,56,0.317
2004-05,ATL,13-69,13,69,0.159
2003-04,ATL,28-54,28,54,0.341
2002-03,ATL,35-47,35,47,0.427
2001-02,ATL,33-49,33,49,0.402
2000-01,ATL,25-57,25,57,0.305
1999-00,ATL,28-54,28,54,0.341
1998-99 *,ATL,31-19,31,19,0.62
1997-98,ATL,50-32,50,32,0.61
1996-97,ATL,56-26,56,26,0.683
1995-96,ATL,46-36,46,36,0.561
1994-95,ATL,42-40,42,40,0.512
1993-94,ATL,57-25,57,25,0.695
1992-93,ATL,43-39,43,39,0.524
1991-92,ATL,38-44,38,44,0.463
1990-91,ATL,43-39,43,39,0.524
1989-90,ATL,41-41,41,41,0.5
1988-89,ATL,52-30,52,30,0.634
1987-88,ATL,50-32,50,32,0.61
1986-87,ATL,57-25,57,25,0.695
1985-86,ATL,50-32,50,32,0.61
1984-85,ATL,34-48,34,48,0.415
1983-84,ATL,40-42,40,42,0.488
1982-83,ATL,43-39,43,39,0.524
1981-82,ATL,42-40,42,40,0.512
1980-81,ATL,31-51,31,51,0.378
2017-18,BOS,55-27,55,27,0.671
2016-17,BOS,53-29,53,29,0.646
2015-16,BOS,48-34,48,34,0.585
2014-15,BOS,40-42,40,42,0.488
2013-14,BOS,25-57,25,57,0.305
2012-13,BOS,41-40,41,40,0.506
2011-12 *,BOS,39-27,39,27,0.591
2010-11,BOS,56-26,56,26,0.683
2009-10,BOS,50-32,50,32,0.61
2008-09,BOS,62-20,62,20,0.756
2007-08,BOS,66-16,66,16,0.805
2006-07,BOS,24-58,24,58,0.293
2005-06,BOS,33-49,33,49,0.402
2004-05,BOS,45-37,45,37,0.549
2003-04,BOS,36-46,36,46,0.439
2002-03,BOS,44-38,44,38,0.537
2001-02,BOS,49-33,49,33,0.598
2000-01,BOS,36-46,36,46,0.439
1999-00,BOS,35-47,35,47,0.427
1998-99 *,BOS,19-31,19,31,0.38
1997-98,BOS,36-46,36,46,0.439
1996-97,BOS,15-67,15,67,0.183
1995-96,BOS,33-49,33,49,0.402
1994-95,BOS,35-47,35,47,0.427
1993-94,BOS,32-50,32,50,0.39
1992-93,BOS,48-34,48,34,0.585
1991-92,BOS,51-31,51,31,0.622
1990-91,BOS,56-26,56,26,0.683
1989-90,BOS,52-30,52,30,0.634
1988-89,BOS,42-40,42,40,0.512
1987-88,BOS,57-25,57,25,0.695
1986-87,BOS,59-23,59,23,0.72
1985-86,BOS,67-15,67,15,0.817
1984-85,BOS,63-19,63,19,0.768
1983-84,BOS,62-20,62,20,0.756
1982-83,BOS,56-26,56,26,0.683
1981-82,BOS,63-19,63,19,0.768
1980-81,BOS,62-20,62,20,0.756
2017-18,BRK,28-54,28,54,0.341
2016-17,BRK,20-62,20,62,0.244
2015-16,BRK,21-61,21,61,0.256
2014-15,BRK,38-44,38,44,0.463
2013-14,BRK,44-38,44,38,0.537
2012-13,BRK,49-33,49,33,0.598
2011-12 *,BRK,22-44,22,44,0.333
2010-11,BRK,24-58,24,58,0.293
2009-10,BRK,Dec-70,Dec-70,,0.146
2008-09,BRK,34-48,34,48,0.415
2007-08,BRK,34-48,34,48,0.415
2006-07,BRK,41-41,41,41,0.5
2005-06,BRK,49-33,49,33,0.598
2004-05,BRK,42-40,42,40,0.512
2003-04,BRK,47-35,47,35,0.573
2002-03,BRK,49-33,49,33,0.598
2001-02,BRK,52-30,52,30,0.634
2000-01,BRK,26-56,26,56,0.317
1999-00,BRK,31-51,31,51,0.378
1998-99 *,BRK,16-34,16,34,0.32
1997-98,BRK,43-39,43,39,0.524
1996-97,BRK,26-56,26,56,0.317
1995-96,BRK,30-52,30,52,0.366
1994-95,BRK,30-52,30,52,0.366
1993-94,BRK,45-37,45,37,0.549
1992-93,BRK,43-39,43,39,0.524
1991-92,BRK,40-42,40,42,0.488
1990-91,BRK,26-56,26,56,0.317
1989-90,BRK,17-65,17,65,0.207
1988-89,BRK,26-56,26,56,0.317
1987-88,BRK,19-63,19,63,0.232
1986-87,BRK,24-58,24,58,0.293
1985-86,BRK,39-43,39,43,0.476
1984-85,BRK,42-40,42,40,0.512
1983-84,BRK,45-37,45,37,0.549
1982-83,BRK,49-33,49,33,0.598
1981-82,BRK,44-38,44,38,0.537
1980-81,BRK,24-58,24,58,0.293
2017-18,CHA,36-46,36,46,0.439
2016-17,CHA,36-46,36,46,0.439
2015-16,CHA,48-34,48,34,0.585
2014-15,CHA,33-49,33,49,0.402
2013-14,CHA,43-39,43,39,0.524
2012-13,CHA,21-61,21,61,0.256
2011-12 *,CHA,Jul-59,Jul-59,,0.106
2010-11,CHA,34-48,34,48,0.415
2009-10,CHA,44-38,44,38,0.537
2008-09,CHA,35-47,35,47,0.427
2007-08,CHA,32-50,32,50,0.39
2006-07,CHA,33-49,33,49,0.402
2005-06,CHA,26-56,26,56,0.317
2004-05,CHA,18-64,18,64,0.22
2001-02,CHA,44-38,44,38,0.537
2000-01,CHA,46-36,46,36,0.561
1999-00,CHA,49-33,49,33,0.598
1998-99 *,CHA,26-24,26,24,0.52
1997-98,CHA,51-31,51,31,0.622
1996-97,CHA,54-28,54,28,0.659
1995-96,CHA,41-41,41,41,0.5
1994-95,CHA,50-32,50,32,0.61
1993-94,CHA,41-41,41,41,0.5
1992-93,CHA,44-38,44,38,0.537
1991-92,CHA,31-51,31,51,0.378
1990-91,CHA,26-56,26,56,0.317
1989-90,CHA,19-63,19,63,0.232
1988-89,CHA,20-62,20,62,0.244
2017-18,CHI,27-55,27,55,0.329
2016-17,CHI,41-41,41,41,0.5
2015-16,CHI,42-40,42,40,0.512
2014-15,CHI,50-32,50,32,0.61
2013-14,CHI,48-34,48,34,0.585
2012-13,CHI,45-37,45,37,0.549
2011-12 *,CHI,50-16,50,16,0.758
2010-11,CHI,62-20,62,20,0.756
2009-10,CHI,41-41,41,41,0.5
2008-09,CHI,41-41,41,41,0.5
2007-08,CHI,33-49,33,49,0.402
2006-07,CHI,49-33,49,33,0.598
2005-06,CHI,41-41,41,41,0.5
2004-05,CHI,47-35,47,35,0.573
2003-04,CHI,23-59,23,59,0.28
2002-03,CHI,30-52,30,52,0.366
2001-02,CHI,21-61,21,61,0.256
2000-01,CHI,15-67,15,67,0.183
1999-00,CHI,17-65,17,65,0.207
1998-99 *,CHI,13-37,13,37,0.26
1997-98,CHI,62-20,62,20,0.756
1996-97,CHI,69-13,69,13,0.841
1995-96,CHI,72-10,72,10,0.878
1994-95,CHI,47-35,47,35,0.573
1993-94,CHI,55-27,55,27,0.671
1992-93,CHI,57-25,57,25,0.695
1991-92,CHI,67-15,67,15,0.817
1990-91,CHI,61-21,61,21,0.744
1989-90,CHI,55-27,55,27,0.671
1988-89,CHI,47-35,47,35,0.573
1987-88,CHI,50-32,50,32,0.61
1986-87,CHI,40-42,40,42,0.488
1985-86,CHI,30-52,30,52,0.366
1984-85,CHI,38-44,38,44,0.463
1983-84,CHI,27-55,27,55,0.329
1982-83,CHI,28-54,28,54,0.341
1981-82,CHI,34-48,34,48,0.415
1980-81,CHI,45-37,45,37,0.549
2017-18,CLE,50-32,50,32,0.61
2016-17,CLE,51-31,51,31,0.622
2015-16,CLE,57-25,57,25,0.695
2014-15,CLE,53-29,53,29,0.646
2013-14,CLE,33-49,33,49,0.402
2012-13,CLE,24-58,24,58,0.293
2011-12 *,CLE,21-45,21,45,0.318
2010-11,CLE,19-63,19,63,0.232
2009-10,CLE,61-21,61,21,0.744
2008-09,CLE,66-16,66,16,0.805
2007-08,CLE,45-37,45,37,0.549
2006-07,CLE,50-32,50,32,0.61
2005-06,CLE,50-32,50,32,0.61
2004-05,CLE,42-40,42,40,0.512
2003-04,CLE,35-47,35,47,0.427
2002-03,CLE,17-65,17,65,0.207
2001-02,CLE,29-53,29,53,0.354
2000-01,CLE,30-52,30,52,0.366
1999-00,CLE,32-50,32,50,0.39
1998-99 *,CLE,22-28,22,28,0.44
1997-98,CLE,47-35,47,35,0.573
1996-97,CLE,42-40,42,40,0.512
1995-96,CLE,47-35,47,35,0.573
1994-95,CLE,43-39,43,39,0.524
1993-94,CLE,47-35,47,35,0.573
1992-93,CLE,54-28,54,28,0.659
1991-92,CLE,57-25,57,25,0.695
1990-91,CLE,33-49,33,49,0.402
1989-90,CLE,42-40,42,40,0.512
1988-89,CLE,57-25,57,25,0.695
1987-88,CLE,42-40,42,40,0.512
1986-87,CLE,31-51,31,51,0.378
1985-86,CLE,29-53,29,53,0.354
1984-85,CLE,36-46,36,46,0.439
1983-84,CLE,28-54,28,54,0.341
1982-83,CLE,23-59,23,59,0.28
1981-82,CLE,15-67,15,67,0.183
2017-18,DAL,24-58,24,58,0.293
2016-17,DAL,33-49,33,49,0.402
2015-16,DAL,42-40,42,40,0.512
2014-15,DAL,50-32,50,32,0.61
2013-14,DAL,49-33,49,33,0.598
2012-13,DAL,41-41,41,41,0.5
2011-12 *,DAL,36-30,36,30,0.545
2010-11,DAL,57-25,57,25,0.695
2009-10,DAL,55-27,55,27,0.671
2008-09,DAL,50-32,50,32,0.61
2007-08,DAL,51-31,51,31,0.622
2006-07,DAL,67-15,67,15,0.817
2005-06,DAL,60-22,60,22,0.732
2004-05,DAL,58-24,58,24,0.707
2003-04,DAL,52-30,52,30,0.634
2002-03,DAL,60-22,60,22,0.732
2001-02,DAL,57-25,57,25,0.695
2000-01,DAL,53-29,53,29,0.646
1999-00,DAL,40-42,40,42,0.488
1998-99 *,DAL,19-31,19,31,0.38
1997-98,DAL,20-62,20,62,0.244
1996-97,DAL,24-58,24,58,0.293
1995-96,DAL,26-56,26,56,0.317
1994-95,DAL,36-46,36,46,0.439
1993-94,DAL,13-69,13,69,0.159
1992-93,DAL,Nov-71,Nov-71,,0.134
1991-92,DAL,22-60,22,60,0.268
1990-91,DAL,28-54,28,54,0.341
1989-90,DAL,47-35,47,35,0.573
1988-89,DAL,38-44,38,44,0.463
1987-88,DAL,53-29,53,29,0.646
1986-87,DAL,55-27,55,27,0.671
1985-86,DAL,44-38,44,38,0.537
1984-85,DAL,44-38,44,38,0.537
1983-84,DAL,43-39,43,39,0.524
1982-83,DAL,38-44,38,44,0.463
1981-82,DAL,28-54,28,54,0.341
1980-81,DAL,15-67,15,67,0.183
2017-18,DEN,46-36,46,36,0.561
2016-17,DEN,40-42,40,42,0.488
2015-16,DEN,33-49,33,49,0.402
2014-15,DEN,30-52,30,52,0.366
2013-14,DEN,36-46,36,46,0.439
2012-13,DEN,57-25,57,25,0.695
2011-12 *,DEN,38-28,38,28,0.576
2010-11,DEN,50-32,50,32,0.61
2009-10,DEN,53-29,53,29,0.646
2008-09,DEN,54-28,54,28,0.659
2007-08,DEN,50-32,50,32,0.61
2006-07,DEN,45-37,45,37,0.549
2005-06,DEN,44-38,44,38,0.537
2004-05,DEN,49-33,49,33,0.598
2003-04,DEN,43-39,43,39,0.524
2002-03,DEN,17-65,17,65,0.207
2001-02,DEN,27-55,27,55,0.329
2000-01,DEN,40-42,40,42,0.488
1999-00,DEN,35-47,35,47,0.427
1998-99 *,DEN,14-36,14,36,0.28
1997-98,DEN,Nov-71,Nov-71,,0.134
1996-97,DEN,21-61,21,61,0.256
1995-96,DEN,35-47,35,47,0.427
1994-95,DEN,41-41,41,41,0.5
1993-94,DEN,42-40,42,40,0.512
1992-93,DEN,36-46,36,46,0.439
1991-92,DEN,24-58,24,58,0.293
1990-91,DEN,20-62,20,62,0.244
1989-90,DEN,43-39,43,39,0.524
1988-89,DEN,44-38,44,38,0.537
1987-88,DEN,54-28,54,28,0.659
1986-87,DEN,37-45,37,45,0.451
1985-86,DEN,47-35,47,35,0.573
1984-85,DEN,52-30,52,30,0.634
1983-84,DEN,38-44,38,44,0.463
1982-83,DEN,45-37,45,37,0.549
1981-82,DEN,46-36,46,36,0.561
1980-81,DEN,37-45,37,45,0.451
2017-18,DET,39-43,39,43,0.476
2016-17,DET,37-45,37,45,0.451
2015-16,DET,44-38,44,38,0.537
2014-15,DET,32-50,32,50,0.39
2013-14,DET,29-53,29,53,0.354
2012-13,DET,29-53,29,53,0.354
2011-12 *,DET,25-41,25,41,0.379
2010-11,DET,30-52,30,52,0.366
2009-10,DET,27-55,27,55,0.329
2008-09,DET,39-43,39,43,0.476
2007-08,DET,59-23,59,23,0.72
2006-07,DET,53-29,53,29,0.646
2005-06,DET,64-18,64,18,0.78
2004-05,DET,54-28,54,28,0.659
2003-04,DET,54-28,54,28,0.659
2002-03,DET,50-32,50,32,0.61
2001-02,DET,50-32,50,32,0.61
2000-01,DET,32-50,32,50,0.39
1999-00,DET,42-40,42,40,0.512
1998-99 *,DET,29-21,29,21,0.58
1997-98,DET,37-45,37,45,0.451
1996-97,DET,54-28,54,28,0.659
1995-96,DET,46-36,46,36,0.561
1994-95,DET,28-54,28,54,0.341
1993-94,DET,20-62,20,62,0.244
1992-93,DET,40-42,40,42,0.488
1991-92,DET,48-34,48,34,0.585
1990-91,DET,50-32,50,32,0.61
1989-90,DET,59-23,59,23,0.72
1988-89,DET,63-19,63,19,0.768
1987-88,DET,54-28,54,28,0.659
1986-87,DET,52-30,52,30,0.634
1985-86,DET,46-36,46,36,0.561
1984-85,DET,46-36,46,36,0.561
1983-84,DET,49-33,49,33,0.598
1982-83,DET,37-45,37,45,0.451
1981-82,DET,39-43,39,43,0.476
1980-81,DET,21-61,21,61,0.256
1979-80,DET,16-66,16,66,0.195
2017-18,GSW,58-24,58,24,0.707
2016-17,GSW,67-15,67,15,0.817
2015-16,GSW,73-9,73,9,0.89
2014-15,GSW,67-15,67,15,0.817
2013-14,GSW,51-31,51,31,0.622
2012-13,GSW,47-35,47,35,0.573
2011-12 *,GSW,23-43,23,43,0.348
2010-11,GSW,36-46,36,46,0.439
2009-10,GSW,26-56,26,56,0.317
2008-09,GSW,29-53,29,53,0.354
2007-08,GSW,48-34,48,34,0.585
2006-07,GSW,42-40,42,40,0.512
2005-06,GSW,34-48,34,48,0.415
2004-05,GSW,34-48,34,48,0.415
2003-04,GSW,37-45,37,45,0.451
2002-03,GSW,38-44,38,44,0.463
2001-02,GSW,21-61,21,61,0.256
2000-01,GSW,17-65,17,65,0.207
1999-00,GSW,19-63,19,63,0.232
1998-99 *,GSW,21-29,21,29,0.42
1997-98,GSW,19-63,19,63,0.232
1996-97,GSW,30-52,30,52,0.366
1995-96,GSW,36-46,36,46,0.439
1994-95,GSW,26-56,26,56,0.317
1993-94,GSW,50-32,50,32,0.61
1992-93,GSW,34-48,34,48,0.415
1991-92,GSW,55-27,55,27,0.671
1990-91,GSW,44-38,44,38,0.537
1989-90,GSW,37-45,37,45,0.451
1988-89,GSW,43-39,43,39,0.524
1987-88,GSW,20-62,20,62,0.244
1986-87,GSW,42-40,42,40,0.512
1985-86,GSW,30-52,30,52,0.366
1984-85,GSW,22-60,22,60,0.268
1983-84,GSW,37-45,37,45,0.451
1982-83,GSW,30-52,30,52,0.366
1981-82,GSW,45-37,45,37,0.549
1980-81,GSW,39-43,39,43,0.476
2017-18,HOU,65-17,65,17,0.793
2016-17,HOU,55-27,55,27,0.671
2015-16,HOU,41-41,41,41,0.5
2014-15,HOU,56-26,56,26,0.683
2013-14,HOU,54-28,54,28,0.659
2012-13,HOU,45-37,45,37,0.549
2011-12 *,HOU,34-32,34,32,0.515
2010-11,HOU,43-39,43,39,0.524
2009-10,HOU,42-40,42,40,0.512
2008-09,HOU,53-29,53,29,0.646
2007-08,HOU,55-27,55,27,0.671
2006-07,HOU,52-30,52,30,0.634
2005-06,HOU,34-48,34,48,0.415
2004-05,HOU,51-31,51,31,0.622
2003-04,HOU,45-37,45,37,0.549
2002-03,HOU,43-39,43,39,0.524
2001-02,HOU,28-54,28,54,0.341
2000-01,HOU,45-37,45,37,0.549
1999-00,HOU,34-48,34,48,0.415
1998-99 *,HOU,31-19,31,19,0.62
1997-98,HOU,41-41,41,41,0.5
1996-97,HOU,57-25,57,25,0.695
1995-96,HOU,48-34,48,34,0.585
1994-95,HOU,47-35,47,35,0.573
1993-94,HOU,58-24,58,24,0.707
1992-93,HOU,55-27,55,27,0.671
1991-92,HOU,42-40,42,40,0.512
1990-91,HOU,52-30,52,30,0.634
1989-90,HOU,41-41,41,41,0.5
1988-89,HOU,45-37,45,37,0.549
1987-88,HOU,46-36,46,36,0.561
1986-87,HOU,42-40,42,40,0.512
1985-86,HOU,51-31,51,31,0.622
1984-85,HOU,48-34,48,34,0.585
1983-84,HOU,29-53,29,53,0.354
1982-83,HOU,14-68,14,68,0.171
1981-82,HOU,46-36,46,36,0.561
1980-81,HOU,40-42,40,42,0.488
2017-18,IND,48-34,48,34,0.585
2016-17,IND,42-40,42,40,0.512
2015-16,IND,45-37,45,37,0.549
2014-15,IND,38-44,38,44,0.463
2013-14,IND,56-26,56,26,0.683
2012-13,IND,49-32,49,32,0.605
2011-12 *,IND,42-24,42,24,0.636
2010-11,IND,37-45,37,45,0.451
2009-10,IND,32-50,32,50,0.39
2008-09,IND,36-46,36,46,0.439
2007-08,IND,36-46,36,46,0.439
2006-07,IND,35-47,35,47,0.427
2005-06,IND,41-41,41,41,0.5
2004-05,IND,44-38,44,38,0.537
2003-04,IND,61-21,61,21,0.744
2002-03,IND,48-34,48,34,0.585
2001-02,IND,42-40,42,40,0.512
2000-01,IND,41-41,41,41,0.5
1999-00,IND,56-26,56,26,0.683
1998-99 *,IND,33-17,33,17,0.66
1997-98,IND,58-24,58,24,0.707
1996-97,IND,39-43,39,43,0.476
1995-96,IND,52-30,52,30,0.634
1994-95,IND,52-30,52,30,0.634
1993-94,IND,47-35,47,35,0.573
1992-93,IND,41-41,41,41,0.5
1991-92,IND,40-42,40,42,0.488
1990-91,IND,41-41,41,41,0.5
1989-90,IND,42-40,42,40,0.512
1988-89,IND,28-54,28,54,0.341
1987-88,IND,38-44,38,44,0.463
1986-87,IND,41-41,41,41,0.5
1985-86,IND,26-56,26,56,0.317
1984-85,IND,22-60,22,60,0.268
1983-84,IND,26-56,26,56,0.317
1982-83,IND,20-62,20,62,0.244
1981-82,IND,35-47,35,47,0.427
1980-81,IND,44-38,44,38,0.537
2017-18,LAC,42-40,42,40,0.512
2016-17,LAC,51-31,51,31,0.622
2015-16,LAC,53-29,53,29,0.646
2014-15,LAC,56-26,56,26,0.683
2013-14,LAC,57-25,57,25,0.695
2012-13,LAC,56-26,56,26,0.683
2011-12 *,LAC,40-26,40,26,0.606
2010-11,LAC,32-50,32,50,0.39
2009-10,LAC,29-53,29,53,0.354
2008-09,LAC,19-63,19,63,0.232
2007-08,LAC,23-59,23,59,0.28
2006-07,LAC,40-42,40,42,0.488
2005-06,LAC,47-35,47,35,0.573
2004-05,LAC,37-45,37,45,0.451
2003-04,LAC,28-54,28,54,0.341
2002-03,LAC,27-55,27,55,0.329
2001-02,LAC,39-43,39,43,0.476
2000-01,LAC,31-51,31,51,0.378
1999-00,LAC,15-67,15,67,0.183
1998-99 *,LAC,Sep-41,Sep-41,,0.18
1997-98,LAC,17-65,17,65,0.207
1996-97,LAC,36-46,36,46,0.439
1995-96,LAC,29-53,29,53,0.354
1994-95,LAC,17-65,17,65,0.207
1993-94,LAC,27-55,27,55,0.329
1992-93,LAC,41-41,41,41,0.5
1991-92,LAC,45-37,45,37,0.549
1990-91,LAC,31-51,31,51,0.378
1989-90,LAC,30-52,30,52,0.366
1988-89,LAC,21-61,21,61,0.256
1987-88,LAC,17-65,17,65,0.207
1986-87,LAC,Dec-70,Dec-70,,0.146
1985-86,LAC,32-50,32,50,0.39
1984-85,LAC,31-51,31,51,0.378
1983-84,LAC,30-52,30,52,0.366
1982-83,LAC,25-57,25,57,0.305
1981-82,LAC,17-65,17,65,0.207
1980-81,LAC,36-46,36,46,0.439
2017-18,LAL,35-47,35,47,0.427
2016-17,LAL,26-56,26,56,0.317
2015-16,LAL,17-65,17,65,0.207
2014-15,LAL,21-61,21,61,0.256
2013-14,LAL,27-55,27,55,0.329
2012-13,LAL,45-37,45,37,0.549
2011-12 *,LAL,41-25,41,25,0.621
2010-11,LAL,57-25,57,25,0.695
2009-10,LAL,57-25,57,25,0.695
2008-09,LAL,65-17,65,17,0.793
2007-08,LAL,57-25,57,25,0.695
2006-07,LAL,42-40,42,40,0.512
2005-06,LAL,45-37,45,37,0.549
2004-05,LAL,34-48,34,48,0.415
2003-04,LAL,56-26,56,26,0.683
2002-03,LAL,50-32,50,32,0.61
2001-02,LAL,58-24,58,24,0.707
2000-01,LAL,56-26,56,26,0.683
1999-00,LAL,67-15,67,15,0.817
1998-99 *,LAL,31-19,31,19,0.62
1997-98,LAL,61-21,61,21,0.744
1996-97,LAL,56-26,56,26,0.683
1995-96,LAL,53-29,53,29,0.646
1994-95,LAL,48-34,48,34,0.585
1993-94,LAL,33-49,33,49,0.402
1992-93,LAL,39-43,39,43,0.476
1991-92,LAL,43-39,43,39,0.524
1990-91,LAL,58-24,58,24,0.707
1989-90,LAL,63-19,63,19,0.768
1988-89,LAL,57-25,57,25,0.695
1987-88,LAL,62-20,62,20,0.756
1986-87,LAL,65-17,65,17,0.793
1985-86,LAL,62-20,62,20,0.756
1984-85,LAL,62-20,62,20,0.756
1983-84,LAL,54-28,54,28,0.659
1982-83,LAL,58-24,58,24,0.707
1981-82,LAL,57-25,57,25,0.695
1980-81,LAL,54-28,54,28,0.659
2017-18,MEM,22-60,22,60,0.268
2016-17,MEM,43-39,43,39,0.524
2015-16,MEM,42-40,42,40,0.512
2014-15,MEM,55-27,55,27,0.671
2013-14,MEM,50-32,50,32,0.61
2012-13,MEM,56-26,56,26,0.683
2011-12 *,MEM,41-25,41,25,0.621
2010-11,MEM,46-36,46,36,0.561
2009-10,MEM,40-42,40,42,0.488
2008-09,MEM,24-58,24,58,0.293
2007-08,MEM,22-60,22,60,0.268
2006-07,MEM,22-60,22,60,0.268
2005-06,MEM,49-33,49,33,0.598
2004-05,MEM,45-37,45,37,0.549
2003-04,MEM,50-32,50,32,0.61
2002-03,MEM,28-54,28,54,0.341
2001-02,MEM,23-59,23,59,0.28
2000-01,MEM,23-59,23,59,0.28
1999-00,MEM,22-60,22,60,0.268
1998-99 *,MEM,Aug-42,Aug-42,,0.16
1997-98,MEM,19-63,19,63,0.232
1996-97,MEM,14-68,14,68,0.171
1995-96,MEM,15-67,15,67,0.183
2017-18,MIA,44-38,44,38,0.537
2016-17,MIA,41-41,41,41,0.5
2015-16,MIA,48-34,48,34,0.585
2014-15,MIA,37-45,37,45,0.451
2013-14,MIA,54-28,54,28,0.659
2012-13,MIA,66-16,66,16,0.805
2011-12 *,MIA,46-20,46,20,0.697
2010-11,MIA,58-24,58,24,0.707
2009-10,MIA,47-35,47,35,0.573
2008-09,MIA,43-39,43,39,0.524
2007-08,MIA,15-67,15,67,0.183
2006-07,MIA,44-38,44,38,0.537
2005-06,MIA,52-30,52,30,0.634
2004-05,MIA,59-23,59,23,0.72
2003-04,MIA,42-40,42,40,0.512
2002-03,MIA,25-57,25,57,0.305
2001-02,MIA,36-46,36,46,0.439
2000-01,MIA,50-32,50,32,0.61
1999-00,MIA,52-30,52,30,0.634
1998-99 *,MIA,33-17,33,17,0.66
1997-98,MIA,55-27,55,27,0.671
1996-97,MIA,61-21,61,21,0.744
1995-96,MIA,42-40,42,40,0.512
1994-95,MIA,32-50,32,50,0.39
1993-94,MIA,42-40,42,40,0.512
1992-93,MIA,36-46,36,46,0.439
1991-92,MIA,38-44,38,44,0.463
1990-91,MIA,24-58,24,58,0.293
1989-90,MIA,18-64,18,64,0.22
1988-89,MIA,15-67,15,67,0.183
2017-18,MIL,44-38,44,38,0.537
2016-17,MIL,42-40,42,40,0.512
2015-16,MIL,33-49,33,49,0.402
2014-15,MIL,41-41,41,41,0.5
2013-14,MIL,15-67,15,67,0.183
2012-13,MIL,38-44,38,44,0.463
2011-12 *,MIL,31-35,31,35,0.47
2010-11,MIL,35-47,35,47,0.427
2009-10,MIL,46-36,46,36,0.561
2008-09,MIL,34-48,34,48,0.415
2007-08,MIL,26-56,26,56,0.317
2006-07,MIL,28-54,28,54,0.341
2005-06,MIL,40-42,40,42,0.488
2004-05,MIL,30-52,30,52,0.366
2003-04,MIL,41-41,41,41,0.5
2002-03,MIL,42-40,42,40,0.512
2001-02,MIL,41-41,41,41,0.5
2000-01,MIL,52-30,52,30,0.634
1999-00,MIL,42-40,42,40,0.512
1998-99 *,MIL,28-22,28,22,0.56
1997-98,MIL,36-46,36,46,0.439
1996-97,MIL,33-49,33,49,0.402
1995-96,MIL,25-57,25,57,0.305
1994-95,MIL,34-48,34,48,0.415
1993-94,MIL,20-62,20,62,0.244
1992-93,MIL,28-54,28,54,0.341
1991-92,MIL,31-51,31,51,0.378
1990-91,MIL,48-34,48,34,0.585
1989-90,MIL,44-38,44,38,0.537
1988-89,MIL,49-33,49,33,0.598
1987-88,MIL,42-40,42,40,0.512
1986-87,MIL,50-32,50,32,0.61
1985-86,MIL,57-25,57,25,0.695
1984-85,MIL,59-23,59,23,0.72
1983-84,MIL,50-32,50,32,0.61
1982-83,MIL,51-31,51,31,0.622
1981-82,MIL,55-27,55,27,0.671
1980-81,MIL,60-22,60,22,0.732
2017-18,MIN,47-35,47,35,0.573
2016-17,MIN,31-51,31,51,0.378
2015-16,MIN,29-53,29,53,0.354
2014-15,MIN,16-66,16,66,0.195
2013-14,MIN,40-42,40,42,0.488
2012-13,MIN,31-51,31,51,0.378
2011-12 *,MIN,26-40,26,40,0.394
2010-11,MIN,17-65,17,65,0.207
2009-10,MIN,15-67,15,67,0.183
2008-09,MIN,24-58,24,58,0.293
2007-08,MIN,22-60,22,60,0.268
2006-07,MIN,32-50,32,50,0.39
2005-06,MIN,33-49,33,49,0.402
2004-05,MIN,44-38,44,38,0.537
2003-04,MIN,58-24,58,24,0.707
2002-03,MIN,51-31,51,31,0.622
2001-02,MIN,50-32,50,32,0.61
2000-01,MIN,47-35,47,35,0.573
1999-00,MIN,50-32,50,32,0.61
1998-99 *,MIN,25-25,25,25,0.5
1997-98,MIN,45-37,45,37,0.549
1996-97,MIN,40-42,40,42,0.488
1995-96,MIN,26-56,26,56,0.317
1994-95,MIN,21-61,21,61,0.256
1993-94,MIN,20-62,20,62,0.244
1992-93,MIN,19-63,19,63,0.232
1991-92,MIN,15-67,15,67,0.183
1990-91,MIN,29-53,29,53,0.354
1989-90,MIN,22-60,22,60,0.268
2017-18,NOL,48-34,48,34,0.585
2016-17,NOL,34-48,34,48,0.415
2015-16,NOL,30-52,30,52,0.366
2014-15,NOL,45-37,45,37,0.549
2013-14,NOL,34-48,34,48,0.415
2012-13,CHA,27-55,27,55,0.329
2011-12 *,CHA,21-45,21,45,0.318
2010-11,CHA,46-36,46,36,0.561
2009-10,CHA,37-45,37,45,0.451
2008-09,CHA,49-33,49,33,0.598
2007-08,CHA,56-26,56,26,0.683
2006-07,CHA,39-43,39,43,0.476
2005-06,CHA,38-44,38,44,0.463
2004-05,CHA,18-64,18,64,0.22
2003-04,CHA,41-41,41,41,0.5
2002-03,CHA,47-35,47,35,0.573
2017-18,NYK,29-53,29,53,0.354
2016-17,NYK,31-51,31,51,0.378
2015-16,NYK,32-50,32,50,0.39
2014-15,NYK,17-65,17,65,0.207
2013-14,NYK,37-45,37,45,0.451
2012-13,NYK,54-28,54,28,0.659
2011-12 *,NYK,36-30,36,30,0.545
2010-11,NYK,42-40,42,40,0.512
2009-10,NYK,29-53,29,53,0.354
2008-09,NYK,32-50,32,50,0.39
2007-08,NYK,23-59,23,59,0.28
2006-07,NYK,33-49,33,49,0.402
2005-06,NYK,23-59,23,59,0.28
2004-05,NYK,33-49,33,49,0.402
2003-04,NYK,39-43,39,43,0.476
2002-03,NYK,37-45,37,45,0.451
2001-02,NYK,30-52,30,52,0.366
2000-01,NYK,48-34,48,34,0.585
1999-00,NYK,50-32,50,32,0.61
1998-99 *,NYK,27-23,27,23,0.54
1997-98,NYK,43-39,43,39,0.524
1996-97,NYK,57-25,57,25,0.695
1995-96,NYK,47-35,47,35,0.573
1994-95,NYK,55-27,55,27,0.671
1993-94,NYK,57-25,57,25,0.695
1992-93,NYK,60-22,60,22,0.732
1991-92,NYK,51-31,51,31,0.622
1990-91,NYK,39-43,39,43,0.476
1989-90,NYK,45-37,45,37,0.549
1988-89,NYK,52-30,52,30,0.634
1987-88,NYK,38-44,38,44,0.463
1986-87,NYK,24-58,24,58,0.293
1985-86,NYK,23-59,23,59,0.28
1984-85,NYK,24-58,24,58,0.293
1983-84,NYK,47-35,47,35,0.573
1982-83,NYK,44-38,44,38,0.537
1981-82,NYK,33-49,33,49,0.402
1980-81,NYK,50-32,50,32,0.61
2017-18,OKC,48-34,48,34,0.585
2016-17,OKC,47-35,47,35,0.573
2015-16,OKC,55-27,55,27,0.671
2014-15,OKC,45-37,45,37,0.549
2013-14,OKC,59-23,59,23,0.72
2012-13,OKC,60-22,60,22,0.732
2011-12 *,OKC,47-19,47,19,0.712
2010-11,OKC,55-27,55,27,0.671
2009-10,OKC,50-32,50,32,0.61
2008-09,OKC,23-59,23,59,0.28
2007-08,SEA,20-62,20,62,0.244
2006-07,SEA,31-51,31,51,0.378
2005-06,SEA,35-47,35,47,0.427
2004-05,SEA,52-30,52,30,0.634
2003-04,SEA,37-45,37,45,0.451
2002-03,SEA,40-42,40,42,0.488
2001-02,SEA,45-37,45,37,0.549
2000-01,SEA,44-38,44,38,0.537
1999-00,SEA,45-37,45,37,0.549
1998-99 *,SEA,25-25,25,25,0.5
1997-98,SEA,61-21,61,21,0.744
1996-97,SEA,57-25,57,25,0.695
1995-96,SEA,64-18,64,18,0.78
1994-95,SEA,57-25,57,25,0.695
1993-94,SEA,63-19,63,19,0.768
1992-93,SEA,55-27,55,27,0.671
1991-92,SEA,47-35,47,35,0.573
1990-91,SEA,41-41,41,41,0.5
1989-90,SEA,41-41,41,41,0.5
1988-89,SEA,47-35,47,35,0.573
1987-88,SEA,44-38,44,38,0.537
1986-87,SEA,39-43,39,43,0.476
1985-86,SEA,31-51,31,51,0.378
1984-85,SEA,31-51,31,51,0.378
1983-84,SEA,42-40,42,40,0.512
1982-83,SEA,48-34,48,34,0.585
1981-82,SEA,52-30,52,30,0.634
1980-81,SEA,34-48,34,48,0.415
2017-18,ORL,25-57,25,57,0.305
2016-17,ORL,29-53,29,53,0.354
2015-16,ORL,35-47,35,47,0.427
2014-15,ORL,25-57,25,57,0.305
2013-14,ORL,23-59,23,59,0.28
2012-13,ORL,20-62,20,62,0.244
2011-12 *,ORL,37-29,37,29,0.561
2010-11,ORL,52-30,52,30,0.634
2009-10,ORL,59-23,59,23,0.72
2008-09,ORL,59-23,59,23,0.72
2007-08,ORL,52-30,52,30,0.634
2006-07,ORL,40-42,40,42,0.488
2005-06,ORL,36-46,36,46,0.439
2004-05,ORL,36-46,36,46,0.439
2003-04,ORL,21-61,21,61,0.256
2002-03,ORL,42-40,42,40,0.512
2001-02,ORL,44-38,44,38,0.537
2000-01,ORL,43-39,43,39,0.524
1999-00,ORL,41-41,41,41,0.5
1998-99 *,ORL,33-17,33,17,0.66
1997-98,ORL,41-41,41,41,0.5
1996-97,ORL,45-37,45,37,0.549
1995-96,ORL,60-22,60,22,0.732
1994-95,ORL,57-25,57,25,0.695
1993-94,ORL,50-32,50,32,0.61
1992-93,ORL,41-41,41,41,0.5
1991-92,ORL,21-61,21,61,0.256
1990-91,ORL,31-51,31,51,0.378
1989-90,ORL,18-64,18,64,0.22
2017-18,PHI,52-30,52,30,0.634
2016-17,PHI,28-54,28,54,0.341
2015-16,PHI,Oct-72,Oct-72,,0.122
2014-15,PHI,18-64,18,64,0.22
2013-14,PHI,19-63,19,63,0.232
2012-13,PHI,34-48,34,48,0.415
2011-12 *,PHI,35-31,35,31,0.53
2010-11,PHI,41-41,41,41,0.5
2009-10,PHI,27-55,27,55,0.329
2008-09,PHI,41-41,41,41,0.5
2007-08,PHI,40-42,40,42,0.488
2006-07,PHI,35-47,35,47,0.427
2005-06,PHI,38-44,38,44,0.463
2004-05,PHI,43-39,43,39,0.524
2003-04,PHI,33-49,33,49,0.402
2002-03,PHI,48-34,48,34,0.585
2001-02,PHI,43-39,43,39,0.524
2000-01,PHI,56-26,56,26,0.683
1999-00,PHI,49-33,49,33,0.598
1998-99 *,PHI,28-22,28,22,0.56
1997-98,PHI,31-51,31,51,0.378
1996-97,PHI,22-60,22,60,0.268
1995-96,PHI,18-64,18,64,0.22
1994-95,PHI,24-58,24,58,0.293
1993-94,PHI,25-57,25,57,0.305
1992-93,PHI,26-56,26,56,0.317
1991-92,PHI,35-47,35,47,0.427
1990-91,PHI,44-38,44,38,0.537
1989-90,PHI,53-29,53,29,0.646
1988-89,PHI,46-36,46,36,0.561
1987-88,PHI,36-46,36,46,0.439
1986-87,PHI,45-37,45,37,0.549
1985-86,PHI,54-28,54,28,0.659
1984-85,PHI,58-24,58,24,0.707
1983-84,PHI,52-30,52,30,0.634
1982-83,PHI,65-17,65,17,0.793
1981-82,PHI,58-24,58,24,0.707
1980-81,PHI,62-20,62,20,0.756
2017-18,PHO,21-61,21,61,0.256
2016-17,PHO,24-58,24,58,0.293
2015-16,PHO,23-59,23,59,0.28
2014-15,PHO,39-43,39,43,0.476
2013-14,PHO,48-34,48,34,0.585
2012-13,PHO,25-57,25,57,0.305
2011-12 *,PHO,33-33,33,33,0.5
2010-11,PHO,40-42,40,42,0.488
2009-10,PHO,54-28,54,28,0.659
2008-09,PHO,46-36,46,36,0.561
2007-08,PHO,55-27,55,27,0.671
2006-07,PHO,61-21,61,21,0.744
2005-06,PHO,54-28,54,28,0.659
2004-05,PHO,62-20,62,20,0.756
2003-04,PHO,29-53,29,53,0.354
2002-03,PHO,44-38,44,38,0.537
2001-02,PHO,36-46,36,46,0.439
2000-01,PHO,51-31,51,31,0.622
1999-00,PHO,53-29,53,29,0.646
1998-99 *,PHO,27-23,27,23,0.54
1997-98,PHO,56-26,56,26,0.683
1996-97,PHO,40-42,40,42,0.488
1995-96,PHO,41-41,41,41,0.5
1994-95,PHO,59-23,59,23,0.72
1993-94,PHO,56-26,56,26,0.683
1992-93,PHO,62-20,62,20,0.756
1991-92,PHO,53-29,53,29,0.646
1990-91,PHO,55-27,55,27,0.671
1989-90,PHO,54-28,54,28,0.659
1988-89,PHO,55-27,55,27,0.671
1987-88,PHO,28-54,28,54,0.341
1986-87,PHO,36-46,36,46,0.439
1985-86,PHO,32-50,32,50,0.39
1984-85,PHO,36-46,36,46,0.439
1983-84,PHO,41-41,41,41,0.5
1982-83,PHO,53-29,53,29,0.646
1981-82,PHO,46-36,46,36,0.561
1980-81,PHO,57-25,57,25,0.695
2017-18,POR,49-33,49,33,0.598
2016-17,POR,41-41,41,41,0.5
2015-16,POR,44-38,44,38,0.537
2014-15,POR,51-31,51,31,0.622
2013-14,POR,54-28,54,28,0.659
2012-13,POR,33-49,33,49,0.402
2011-12 *,POR,28-38,28,38,0.424
2010-11,POR,48-34,48,34,0.585
2009-10,POR,50-32,50,32,0.61
2008-09,POR,54-28,54,28,0.659
2007-08,POR,41-41,41,41,0.5
2006-07,POR,32-50,32,50,0.39
2005-06,POR,21-61,21,61,0.256
2004-05,POR,27-55,27,55,0.329
2003-04,POR,41-41,41,41,0.5
2002-03,POR,50-32,50,32,0.61
2001-02,POR,49-33,49,33,0.598
2000-01,POR,50-32,50,32,0.61
1999-00,POR,59-23,59,23,0.72
1998-99 *,POR,35-15,35,15,0.7
1997-98,POR,46-36,46,36,0.561
1996-97,POR,49-33,49,33,0.598
1995-96,POR,44-38,44,38,0.537
1994-95,POR,44-38,44,38,0.537
1993-94,POR,47-35,47,35,0.573
1992-93,POR,51-31,51,31,0.622
1991-92,POR,57-25,57,25,0.695
1990-91,POR,63-19,63,19,0.768
1989-90,POR,59-23,59,23,0.72
1988-89,POR,39-43,39,43,0.476
1987-88,POR,53-29,53,29,0.646
1986-87,POR,49-33,49,33,0.598
1985-86,POR,40-42,40,42,0.488
1984-85,POR,42-40,42,40,0.512
1983-84,POR,48-34,48,34,0.585
1982-83,POR,46-36,46,36,0.561
1981-82,POR,42-40,42,40,0.512
1980-81,POR,45-37,45,37,0.549
2017-18,SAC,27-55,27,55,0.329
2016-17,SAC,32-50,32,50,0.39
2015-16,SAC,33-49,33,49,0.402
2014-15,SAC,29-53,29,53,0.354
2013-14,SAC,28-54,28,54,0.341
2012-13,SAC,28-54,28,54,0.341
2011-12 *,SAC,22-44,22,44,0.333
2010-11,SAC,24-58,24,58,0.293
2009-10,SAC,25-57,25,57,0.305
2008-09,SAC,17-65,17,65,0.207
2007-08,SAC,38-44,38,44,0.463
2006-07,SAC,33-49,33,49,0.402
2005-06,SAC,44-38,44,38,0.537
2004-05,SAC,50-32,50,32,0.61
2003-04,SAC,55-27,55,27,0.671
2002-03,SAC,59-23,59,23,0.72
2001-02,SAC,61-21,61,21,0.744
2000-01,SAC,55-27,55,27,0.671
1999-00,SAC,44-38,44,38,0.537
1998-99 *,SAC,27-23,27,23,0.54
1997-98,SAC,27-55,27,55,0.329
1996-97,SAC,34-48,34,48,0.415
1995-96,SAC,39-43,39,43,0.476
1994-95,SAC,39-43,39,43,0.476
1993-94,SAC,28-54,28,54,0.341
1992-93,SAC,25-57,25,57,0.305
1991-92,SAC,29-53,29,53,0.354
1990-91,SAC,25-57,25,57,0.305
1989-90,SAC,23-59,23,59,0.28
1988-89,SAC,27-55,27,55,0.329
1987-88,SAC,24-58,24,58,0.293
1986-87,SAC,29-53,29,53,0.354
1985-86,SAC,37-45,37,45,0.451
1984-85,SAC,31-51,31,51,0.378
1983-84,SAC,38-44,38,44,0.463
1982-83,SAC,45-37,45,37,0.549
1981-82,SAC,30-52,30,52,0.366
1980-81,SAC,40-42,40,42,0.488
2017-18,SAS,47-35,47,35,0.573
2016-17,SAS,61-21,61,21,0.744
2015-16,SAS,67-15,67,15,0.817
2014-15,SAS,55-27,55,27,0.671
2013-14,SAS,62-20,62,20,0.756
2012-13,SAS,58-24,58,24,0.707
2011-12 *,SAS,50-16,50,16,0.758
2010-11,SAS,61-21,61,21,0.744
2009-10,SAS,50-32,50,32,0.61
2008-09,SAS,54-28,54,28,0.659
2007-08,SAS,56-26,56,26,0.683
2006-07,SAS,58-24,58,24,0.707
2005-06,SAS,63-19,63,19,0.768
2004-05,SAS,59-23,59,23,0.72
2003-04,SAS,57-25,57,25,0.695
2002-03,SAS,60-22,60,22,0.732
2001-02,SAS,58-24,58,24,0.707
2000-01,SAS,58-24,58,24,0.707
1999-00,SAS,53-29,53,29,0.646
1998-99 *,SAS,37-13,37,13,0.74
1997-98,SAS,56-26,56,26,0.683
1996-97,SAS,20-62,20,62,0.244
1995-96,SAS,59-23,59,23,0.72
1994-95,SAS,62-20,62,20,0.756
1993-94,SAS,55-27,55,27,0.671
1992-93,SAS,49-33,49,33,0.598
1991-92,SAS,47-35,47,35,0.573
1990-91,SAS,55-27,55,27,0.671
1989-90,SAS,56-26,56,26,0.683
1988-89,SAS,21-61,21,61,0.256
1987-88,SAS,31-51,31,51,0.378
1986-87,SAS,28-54,28,54,0.341
1985-86,SAS,35-47,35,47,0.427
1984-85,SAS,41-41,41,41,0.5
1983-84,SAS,37-45,37,45,0.451
1982-83,SAS,53-29,53,29,0.646
1981-82,SAS,48-34,48,34,0.585
1980-81,SAS,52-30,52,30,0.634
1979-80,SAS,41-41,41,41,0.5
2017-18,TOR,59-23,59,23,0.72
2016-17,TOR,51-31,51,31,0.622
2015-16,TOR,56-26,56,26,0.683
2014-15,TOR,49-33,49,33,0.598
2013-14,TOR,48-34,48,34,0.585
2012-13,TOR,34-48,34,48,0.415
2011-12 *,TOR,23-43,23,43,0.348
2010-11,TOR,22-60,22,60,0.268
2009-10,TOR,40-42,40,42,0.488
2008-09,TOR,33-49,33,49,0.402
2007-08,TOR,41-41,41,41,0.5
2006-07,TOR,47-35,47,35,0.573
2005-06,TOR,27-55,27,55,0.329
2004-05,TOR,33-49,33,49,0.402
2003-04,TOR,33-49,33,49,0.402
2002-03,TOR,24-58,24,58,0.293
2001-02,TOR,42-40,42,40,0.512
2000-01,TOR,47-35,47,35,0.573
1999-00,TOR,45-37,45,37,0.549
1998-99 *,TOR,23-27,23,27,0.46
1997-98,TOR,16-66,16,66,0.195
1996-97,TOR,30-52,30,52,0.366
1995-96,TOR,21-61,21,61,0.256
2017-18,UTA,48-34,48,34,0.585
2016-17,UTA,51-31,51,31,0.622
2015-16,UTA,40-42,40,42,0.488
2014-15,UTA,38-44,38,44,0.463
2013-14,UTA,25-57,25,57,0.305
2012-13,UTA,43-39,43,39,0.524
2011-12 *,UTA,36-30,36,30,0.545
2010-11,UTA,39-43,39,43,0.476
2009-10,UTA,53-29,53,29,0.646
2008-09,UTA,48-34,48,34,0.585
2007-08,UTA,54-28,54,28,0.659
2006-07,UTA,51-31,51,31,0.622
2005-06,UTA,41-41,41,41,0.5
2004-05,UTA,26-56,26,56,0.317
2003-04,UTA,42-40,42,40,0.512
2002-03,UTA,47-35,47,35,0.573
2001-02,UTA,44-38,44,38,0.537
2000-01,UTA,53-29,53,29,0.646
1999-00,UTA,55-27,55,27,0.671
1998-99 *,UTA,37-13,37,13,0.74
1997-98,UTA,62-20,62,20,0.756
1996-97,UTA,64-18,64,18,0.78
1995-96,UTA,55-27,55,27,0.671
1994-95,UTA,60-22,60,22,0.732
1993-94,UTA,53-29,53,29,0.646
1992-93,UTA,47-35,47,35,0.573
1991-92,UTA,55-27,55,27,0.671
1990-91,UTA,54-28,54,28,0.659
1989-90,UTA,55-27,55,27,0.671
1988-89,UTA,51-31,51,31,0.622
1987-88,UTA,47-35,47,35,0.573
1986-87,UTA,44-38,44,38,0.537
1985-86,UTA,42-40,42,40,0.512
1984-85,UTA,41-41,41,41,0.5
1983-84,UTA,45-37,45,37,0.549
1982-83,UTA,30-52,30,52,0.366
1981-82,UTA,25-57,25,57,0.305
1980-81,UTA,28-54,28,54,0.341
2017-18,WAS,43-39,43,39,0.524
2016-17,WAS,49-33,49,33,0.598
2015-16,WAS,41-41,41,41,0.5
2014-15,WAS,46-36,46,36,0.561
2013-14,WAS,44-38,44,38,0.537
2012-13,WAS,29-53,29,53,0.354
2011-12 *,WAS,20-46,20,46,0.303
2010-11,WAS,23-59,23,59,0.28
2009-10,WAS,26-56,26,56,0.317
2008-09,WAS,19-63,19,63,0.232
2007-08,WAS,43-39,43,39,0.524
2006-07,WAS,41-41,41,41,0.5
2005-06,WAS,42-40,42,40,0.512
2004-05,WAS,45-37,45,37,0.549
2003-04,WAS,25-57,25,57,0.305
2002-03,WAS,37-45,37,45,0.451
2001-02,WAS,37-45,37,45,0.451
2000-01,WAS,19-63,19,63,0.232
1999-00,WAS,29-53,29,53,0.354
1998-99 *,WAS,18-32,18,32,0.36
1997-98,WAS,42-40,42,40,0.512
1996-97,WAS,44-38,44,38,0.537
1995-96,WAS,39-43,39,43,0.476
1994-95,WAS,21-61,21,61,0.256
1993-94,WAS,24-58,24,58,0.293
1992-93,WAS,22-60,22,60,0.268
1991-92,WAS,25-57,25,57,0.305
1990-91,WAS,30-52,30,52,0.366
1989-90,WAS,31-51,31,51,0.378
1988-89,WAS,40-42,40,42,0.488
1987-88,WAS,38-44,38,44,0.463
1986-87,WAS,42-40,42,40,0.512
1985-86,WAS,39-43,39,43,0.476
1984-85,WAS,40-42,40,42,0.488
1983-84,WAS,35-47,35,47,0.427
1982-83,WAS,42-40,42,40,0.512
1981-82,WAS,43-39,43,39,0.524
1980-81,WAS,39-43,39,43,0.476
