year,team,win_percent,wins,losses
2017-18,ATL,0.293,24,58
2016-17,ATL,0.524,43,39
2015-16,ATL,0.585,48,34
2014-15,ATL,0.732,60,22
2013-14,ATL,0.46299999999999997,38,44
2012-13,ATL,0.537,44,38
2011-12 ,ATL,0.606,40,26
2010-11,ATL,0.537,44,38
2009-10,ATL,0.6459999999999999,53,29
2008-09,ATL,0.573,47,35
2007-08,ATL,0.451,37,45
2006-07,ATL,0.366,30,52
2005-06,ATL,0.317,26,56
2004-05,ATL,0.159,13,69
2003-04,ATL,0.341,28,54
2002-03,ATL,0.42700000000000005,35,47
2001-02,ATL,0.402,33,49
2000-01,ATL,0.305,25,57
1999-00,ATL,0.341,28,54
1998-99 ,ATL,0.62,31,19
1997-98,ATL,0.61,50,32
1996-97,ATL,0.6829999999999999,56,26
1995-96,ATL,0.561,46,36
1994-95,ATL,0.512,42,40
1993-94,ATL,0.695,57,25
1992-93,ATL,0.524,43,39
1991-92,ATL,0.46299999999999997,38,44
1990-91,ATL,0.524,43,39
1989-90,ATL,0.5,41,41
1988-89,ATL,0.634,52,30
1987-88,ATL,0.61,50,32
1986-87,ATL,0.695,57,25
1985-86,ATL,0.61,50,32
1984-85,ATL,0.415,34,48
1983-84,ATL,0.488,40,42
1982-83,ATL,0.524,43,39
1981-82,ATL,0.512,42,40
1980-81,ATL,0.37799999999999995,31,51
2017-18,BOS,0.6709999999999999,55,27
2016-17,BOS,0.6459999999999999,53,29
2015-16,BOS,0.585,48,34
2014-15,BOS,0.488,40,42
2013-14,BOS,0.305,25,57
2012-13,BOS,0.506,41,40
2011-12 ,BOS,0.591,39,27
2010-11,BOS,0.6829999999999999,56,26
2009-10,BOS,0.61,50,32
2008-09,BOS,0.7559999999999999,62,20
2007-08,BOS,0.805,66,16
2006-07,BOS,0.293,24,58
2005-06,BOS,0.402,33,49
2004-05,BOS,0.5489999999999999,45,37
2003-04,BOS,0.439,36,46
2002-03,BOS,0.537,44,38
2001-02,BOS,0.598,49,33
2000-01,BOS,0.439,36,46
1999-00,BOS,0.42700000000000005,35,47
1998-99 ,BOS,0.38,19,31
1997-98,BOS,0.439,36,46
1996-97,BOS,0.183,15,67
1995-96,BOS,0.402,33,49
1994-95,BOS,0.42700000000000005,35,47
1993-94,BOS,0.39,32,50
1992-93,BOS,0.585,48,34
1991-92,BOS,0.622,51,31
1990-91,BOS,0.6829999999999999,56,26
1989-90,BOS,0.634,52,30
1988-89,BOS,0.512,42,40
1987-88,BOS,0.695,57,25
1986-87,BOS,0.72,59,23
1985-86,BOS,0.8170000000000001,67,15
1984-85,BOS,0.768,63,19
1983-84,BOS,0.7559999999999999,62,20
1982-83,BOS,0.6829999999999999,56,26
1981-82,BOS,0.768,63,19
1980-81,BOS,0.7559999999999999,62,20
2017-18,BRK,0.341,28,54
2016-17,BRK,0.244,20,62
2015-16,BRK,0.256,21,61
2014-15,BRK,0.46299999999999997,38,44
2013-14,BRK,0.537,44,38
2012-13,BRK,0.598,49,33
2011-12 ,BRK,0.33299999999999996,22,44
2010-11,BRK,0.293,24,58
2009-10,BRK,0.146,12,70
2008-09,BRK,0.415,34,48
2007-08,BRK,0.415,34,48
2006-07,BRK,0.5,41,41
2005-06,BRK,0.598,49,33
2004-05,BRK,0.512,42,40
2003-04,BRK,0.573,47,35
2002-03,BRK,0.598,49,33
2001-02,BRK,0.634,52,30
2000-01,BRK,0.317,26,56
1999-00,BRK,0.37799999999999995,31,51
1998-99 ,BRK,0.32,16,34
1997-98,BRK,0.524,43,39
1996-97,BRK,0.317,26,56
1995-96,BRK,0.366,30,52
1994-95,BRK,0.366,30,52
1993-94,BRK,0.5489999999999999,45,37
1992-93,BRK,0.524,43,39
1991-92,BRK,0.488,40,42
1990-91,BRK,0.317,26,56
1989-90,BRK,0.207,17,65
1988-89,BRK,0.317,26,56
1987-88,BRK,0.23199999999999998,19,63
1986-87,BRK,0.293,24,58
1985-86,BRK,0.47600000000000003,39,43
1984-85,BRK,0.512,42,40
1983-84,BRK,0.5489999999999999,45,37
1982-83,BRK,0.598,49,33
1981-82,BRK,0.537,44,38
1980-81,BRK,0.293,24,58
2017-18,CHA,0.439,36,46
2016-17,CHA,0.439,36,46
2015-16,CHA,0.585,48,34
2014-15,CHA,0.402,33,49
2013-14,CHA,0.524,43,39
2012-13,CHA,0.256,21,61
2011-12 ,CHA,0.106,7-,9
2010-11,CHA,0.415,34,48
2009-10,CHA,0.537,44,38
2008-09,CHA,0.42700000000000005,35,47
2007-08,CHA,0.39,32,50
2006-07,CHA,0.402,33,49
2005-06,CHA,0.317,26,56
2004-05,CHA,0.22,18,64
2001-02,CHA,0.537,44,38
2000-01,CHA,0.561,46,36
1999-00,CHA,0.598,49,33
1998-99 ,CHA,0.52,26,24
1997-98,CHA,0.622,51,31
1996-97,CHA,0.659,54,28
1995-96,CHA,0.5,41,41
1994-95,CHA,0.61,50,32
1993-94,CHA,0.5,41,41
1992-93,CHA,0.537,44,38
1991-92,CHA,0.37799999999999995,31,51
1990-91,CHA,0.317,26,56
1989-90,CHA,0.23199999999999998,19,63
1988-89,CHA,0.244,20,62
2017-18,CHI,0.32899999999999996,27,55
2016-17,CHI,0.5,41,41
2015-16,CHI,0.512,42,40
2014-15,CHI,0.61,50,32
2013-14,CHI,0.585,48,34
2012-13,CHI,0.5489999999999999,45,37
2011-12 ,CHI,0.758,50,16
2010-11,CHI,0.7559999999999999,62,20
2009-10,CHI,0.5,41,41
2008-09,CHI,0.5,41,41
2007-08,CHI,0.402,33,49
2006-07,CHI,0.598,49,33
2005-06,CHI,0.5,41,41
2004-05,CHI,0.573,47,35
2003-04,CHI,0.28,23,59
2002-03,CHI,0.366,30,52
2001-02,CHI,0.256,21,61
2000-01,CHI,0.183,15,67
1999-00,CHI,0.207,17,65
1998-99 ,CHI,0.26,13,37
1997-98,CHI,0.7559999999999999,62,20
1996-97,CHI,0.841,69,13
1995-96,CHI,0.878,72,10
1994-95,CHI,0.573,47,35
1993-94,CHI,0.6709999999999999,55,27
1992-93,CHI,0.695,57,25
1991-92,CHI,0.8170000000000001,67,15
1990-91,CHI,0.7440000000000001,61,21
1989-90,CHI,0.6709999999999999,55,27
1988-89,CHI,0.573,47,35
1987-88,CHI,0.61,50,32
1986-87,CHI,0.488,40,42
1985-86,CHI,0.366,30,52
1984-85,CHI,0.46299999999999997,38,44
1983-84,CHI,0.32899999999999996,27,55
1982-83,CHI,0.341,28,54
1981-82,CHI,0.415,34,48
1980-81,CHI,0.5489999999999999,45,37
2017-18,CLE,0.61,50,32
2016-17,CLE,0.622,51,31
2015-16,CLE,0.695,57,25
2014-15,CLE,0.6459999999999999,53,29
2013-14,CLE,0.402,33,49
2012-13,CLE,0.293,24,58
2011-12 ,CLE,0.318,21,45
2010-11,CLE,0.23199999999999998,19,63
2009-10,CLE,0.7440000000000001,61,21
2008-09,CLE,0.805,66,16
2007-08,CLE,0.5489999999999999,45,37
2006-07,CLE,0.61,50,32
2005-06,CLE,0.61,50,32
2004-05,CLE,0.512,42,40
2003-04,CLE,0.42700000000000005,35,47
2002-03,CLE,0.207,17,65
2001-02,CLE,0.354,29,53
2000-01,CLE,0.366,30,52
1999-00,CLE,0.39,32,50
1998-99 ,CLE,0.44,22,28
1997-98,CLE,0.573,47,35
1996-97,CLE,0.512,42,40
1995-96,CLE,0.573,47,35
1994-95,CLE,0.524,43,39
1993-94,CLE,0.573,47,35
1992-93,CLE,0.659,54,28
1991-92,CLE,0.695,57,25
1990-91,CLE,0.402,33,49
1989-90,CLE,0.512,42,40
1988-89,CLE,0.695,57,25
1987-88,CLE,0.512,42,40
1986-87,CLE,0.37799999999999995,31,51
1985-86,CLE,0.354,29,53
1984-85,CLE,0.439,36,46
1983-84,CLE,0.341,28,54
1982-83,CLE,0.28,23,59
1981-82,CLE,0.183,15,67
2017-18,DAL,0.293,24,58
2016-17,DAL,0.402,33,49
2015-16,DAL,0.512,42,40
2014-15,DAL,0.61,50,32
2013-14,DAL,0.598,49,33
2012-13,DAL,0.5,41,41
2011-12 ,DAL,0.545,36,30
2010-11,DAL,0.695,57,25
2009-10,DAL,0.6709999999999999,55,27
2008-09,DAL,0.61,50,32
2007-08,DAL,0.622,51,31
2006-07,DAL,0.8170000000000001,67,15
2005-06,DAL,0.732,60,22
2004-05,DAL,0.7070000000000001,58,24
2003-04,DAL,0.634,52,30
2002-03,DAL,0.732,60,22
2001-02,DAL,0.695,57,25
2000-01,DAL,0.6459999999999999,53,29
1999-00,DAL,0.488,40,42
1998-99 ,DAL,0.38,19,31
1997-98,DAL,0.244,20,62
1996-97,DAL,0.293,24,58
1995-96,DAL,0.317,26,56
1994-95,DAL,0.439,36,46
1993-94,DAL,0.159,13,69
1992-93,DAL,0.134,11,71
1991-92,DAL,0.268,22,60
1990-91,DAL,0.341,28,54
1989-90,DAL,0.573,47,35
1988-89,DAL,0.46299999999999997,38,44
1987-88,DAL,0.6459999999999999,53,29
1986-87,DAL,0.6709999999999999,55,27
1985-86,DAL,0.537,44,38
1984-85,DAL,0.537,44,38
1983-84,DAL,0.524,43,39
1982-83,DAL,0.46299999999999997,38,44
1981-82,DAL,0.341,28,54
1980-81,DAL,0.183,15,67
2017-18,DEN,0.561,46,36
2016-17,DEN,0.488,40,42
2015-16,DEN,0.402,33,49
2014-15,DEN,0.366,30,52
2013-14,DEN,0.439,36,46
2012-13,DEN,0.695,57,25
2011-12 ,DEN,0.5760000000000001,38,28
2010-11,DEN,0.61,50,32
2009-10,DEN,0.6459999999999999,53,29
2008-09,DEN,0.659,54,28
2007-08,DEN,0.61,50,32
2006-07,DEN,0.5489999999999999,45,37
2005-06,DEN,0.537,44,38
2004-05,DEN,0.598,49,33
2003-04,DEN,0.524,43,39
2002-03,DEN,0.207,17,65
2001-02,DEN,0.32899999999999996,27,55
2000-01,DEN,0.488,40,42
1999-00,DEN,0.42700000000000005,35,47
1998-99 ,DEN,0.28,14,36
1997-98,DEN,0.134,11,71
1996-97,DEN,0.256,21,61
1995-96,DEN,0.42700000000000005,35,47
1994-95,DEN,0.5,41,41
1993-94,DEN,0.512,42,40
1992-93,DEN,0.439,36,46
1991-92,DEN,0.293,24,58
1990-91,DEN,0.244,20,62
1989-90,DEN,0.524,43,39
1988-89,DEN,0.537,44,38
1987-88,DEN,0.659,54,28
1986-87,DEN,0.451,37,45
1985-86,DEN,0.573,47,35
1984-85,DEN,0.634,52,30
1983-84,DEN,0.46299999999999997,38,44
1982-83,DEN,0.5489999999999999,45,37
1981-82,DEN,0.561,46,36
1980-81,DEN,0.451,37,45
2017-18,DET,0.47600000000000003,39,43
2016-17,DET,0.451,37,45
2015-16,DET,0.537,44,38
2014-15,DET,0.39,32,50
2013-14,DET,0.354,29,53
2012-13,DET,0.354,29,53
2011-12 ,DET,0.379,25,41
2010-11,DET,0.366,30,52
2009-10,DET,0.32899999999999996,27,55
2008-09,DET,0.47600000000000003,39,43
2007-08,DET,0.72,59,23
2006-07,DET,0.6459999999999999,53,29
2005-06,DET,0.78,64,18
2004-05,DET,0.659,54,28
2003-04,DET,0.659,54,28
2002-03,DET,0.61,50,32
2001-02,DET,0.61,50,32
2000-01,DET,0.39,32,50
1999-00,DET,0.512,42,40
1998-99 ,DET,0.58,29,21
1997-98,DET,0.451,37,45
1996-97,DET,0.659,54,28
1995-96,DET,0.561,46,36
1994-95,DET,0.341,28,54
1993-94,DET,0.244,20,62
1992-93,DET,0.488,40,42
1991-92,DET,0.585,48,34
1990-91,DET,0.61,50,32
1989-90,DET,0.72,59,23
1988-89,DET,0.768,63,19
1987-88,DET,0.659,54,28
1986-87,DET,0.634,52,30
1985-86,DET,0.561,46,36
1984-85,DET,0.561,46,36
1983-84,DET,0.598,49,33
1982-83,DET,0.451,37,45
1981-82,DET,0.47600000000000003,39,43
1980-81,DET,0.256,21,61
1979-80,DET,0.195,16,66
2017-18,GSW,0.7070000000000001,58,24
2016-17,GSW,0.8170000000000001,67,15
2015-16,GSW,0.89,73,9
2014-15,GSW,0.8170000000000001,67,15
2013-14,GSW,0.622,51,31
2012-13,GSW,0.573,47,35
2011-12 ,GSW,0.348,23,43
2010-11,GSW,0.439,36,46
2009-10,GSW,0.317,26,56
2008-09,GSW,0.354,29,53
2007-08,GSW,0.585,48,34
2006-07,GSW,0.512,42,40
2005-06,GSW,0.415,34,48
2004-05,GSW,0.415,34,48
2003-04,GSW,0.451,37,45
2002-03,GSW,0.46299999999999997,38,44
2001-02,GSW,0.256,21,61
2000-01,GSW,0.207,17,65
1999-00,GSW,0.23199999999999998,19,63
1998-99 ,GSW,0.42,21,29
1997-98,GSW,0.23199999999999998,19,63
1996-97,GSW,0.366,30,52
1995-96,GSW,0.439,36,46
1994-95,GSW,0.317,26,56
1993-94,GSW,0.61,50,32
1992-93,GSW,0.415,34,48
1991-92,GSW,0.6709999999999999,55,27
1990-91,GSW,0.537,44,38
1989-90,GSW,0.451,37,45
1988-89,GSW,0.524,43,39
1987-88,GSW,0.244,20,62
1986-87,GSW,0.512,42,40
1985-86,GSW,0.366,30,52
1984-85,GSW,0.268,22,60
1983-84,GSW,0.451,37,45
1982-83,GSW,0.366,30,52
1981-82,GSW,0.5489999999999999,45,37
1980-81,GSW,0.47600000000000003,39,43
2017-18,HOU,0.7929999999999999,65,17
2016-17,HOU,0.6709999999999999,55,27
2015-16,HOU,0.5,41,41
2014-15,HOU,0.6829999999999999,56,26
2013-14,HOU,0.659,54,28
2012-13,HOU,0.5489999999999999,45,37
2011-12 ,HOU,0.515,34,32
2010-11,HOU,0.524,43,39
2009-10,HOU,0.512,42,40
2008-09,HOU,0.6459999999999999,53,29
2007-08,HOU,0.6709999999999999,55,27
2006-07,HOU,0.634,52,30
2005-06,HOU,0.415,34,48
2004-05,HOU,0.622,51,31
2003-04,HOU,0.5489999999999999,45,37
2002-03,HOU,0.524,43,39
2001-02,HOU,0.341,28,54
2000-01,HOU,0.5489999999999999,45,37
1999-00,HOU,0.415,34,48
1998-99 ,HOU,0.62,31,19
1997-98,HOU,0.5,41,41
1996-97,HOU,0.695,57,25
1995-96,HOU,0.585,48,34
1994-95,HOU,0.573,47,35
1993-94,HOU,0.7070000000000001,58,24
1992-93,HOU,0.6709999999999999,55,27
1991-92,HOU,0.512,42,40
1990-91,HOU,0.634,52,30
1989-90,HOU,0.5,41,41
1988-89,HOU,0.5489999999999999,45,37
1987-88,HOU,0.561,46,36
1986-87,HOU,0.512,42,40
1985-86,HOU,0.622,51,31
1984-85,HOU,0.585,48,34
1983-84,HOU,0.354,29,53
1982-83,HOU,0.171,14,68
1981-82,HOU,0.561,46,36
1980-81,HOU,0.488,40,42
2017-18,IND,0.585,48,34
2016-17,IND,0.512,42,40
2015-16,IND,0.5489999999999999,45,37
2014-15,IND,0.46299999999999997,38,44
2013-14,IND,0.6829999999999999,56,26
2012-13,IND,0.605,49,32
2011-12 ,IND,0.636,42,24
2010-11,IND,0.451,37,45
2009-10,IND,0.39,32,50
2008-09,IND,0.439,36,46
2007-08,IND,0.439,36,46
2006-07,IND,0.42700000000000005,35,47
2005-06,IND,0.5,41,41
2004-05,IND,0.537,44,38
2003-04,IND,0.7440000000000001,61,21
2002-03,IND,0.585,48,34
2001-02,IND,0.512,42,40
2000-01,IND,0.5,41,41
1999-00,IND,0.6829999999999999,56,26
1998-99 ,IND,0.66,33,17
1997-98,IND,0.7070000000000001,58,24
1996-97,IND,0.47600000000000003,39,43
1995-96,IND,0.634,52,30
1994-95,IND,0.634,52,30
1993-94,IND,0.573,47,35
1992-93,IND,0.5,41,41
1991-92,IND,0.488,40,42
1990-91,IND,0.5,41,41
1989-90,IND,0.512,42,40
1988-89,IND,0.341,28,54
1987-88,IND,0.46299999999999997,38,44
1986-87,IND,0.5,41,41
1985-86,IND,0.317,26,56
1984-85,IND,0.268,22,60
1983-84,IND,0.317,26,56
1982-83,IND,0.244,20,62
1981-82,IND,0.42700000000000005,35,47
1980-81,IND,0.537,44,38
2017-18,LAC,0.512,42,40
2016-17,LAC,0.622,51,31
2015-16,LAC,0.6459999999999999,53,29
2014-15,LAC,0.6829999999999999,56,26
2013-14,LAC,0.695,57,25
2012-13,LAC,0.6829999999999999,56,26
2011-12 ,LAC,0.606,40,26
2010-11,LAC,0.39,32,50
2009-10,LAC,0.354,29,53
2008-09,LAC,0.23199999999999998,19,63
2007-08,LAC,0.28,23,59
2006-07,LAC,0.488,40,42
2005-06,LAC,0.573,47,35
2004-05,LAC,0.451,37,45
2003-04,LAC,0.341,28,54
2002-03,LAC,0.32899999999999996,27,55
2001-02,LAC,0.47600000000000003,39,43
2000-01,LAC,0.37799999999999995,31,51
1999-00,LAC,0.183,15,67
1998-99 ,LAC,0.18,9-,1
1997-98,LAC,0.207,17,65
1996-97,LAC,0.439,36,46
1995-96,LAC,0.354,29,53
1994-95,LAC,0.207,17,65
1993-94,LAC,0.32899999999999996,27,55
1992-93,LAC,0.5,41,41
1991-92,LAC,0.5489999999999999,45,37
1990-91,LAC,0.37799999999999995,31,51
1989-90,LAC,0.366,30,52
1988-89,LAC,0.256,21,61
1987-88,LAC,0.207,17,65
1986-87,LAC,0.146,12,70
1985-86,LAC,0.39,32,50
1984-85,LAC,0.37799999999999995,31,51
1983-84,LAC,0.366,30,52
1982-83,LAC,0.305,25,57
1981-82,LAC,0.207,17,65
1980-81,LAC,0.439,36,46
2017-18,LAL,0.42700000000000005,35,47
2016-17,LAL,0.317,26,56
2015-16,LAL,0.207,17,65
2014-15,LAL,0.256,21,61
2013-14,LAL,0.32899999999999996,27,55
2012-13,LAL,0.5489999999999999,45,37
2011-12 ,LAL,0.621,41,25
2010-11,LAL,0.695,57,25
2009-10,LAL,0.695,57,25
2008-09,LAL,0.7929999999999999,65,17
2007-08,LAL,0.695,57,25
2006-07,LAL,0.512,42,40
2005-06,LAL,0.5489999999999999,45,37
2004-05,LAL,0.415,34,48
2003-04,LAL,0.6829999999999999,56,26
2002-03,LAL,0.61,50,32
2001-02,LAL,0.7070000000000001,58,24
2000-01,LAL,0.6829999999999999,56,26
1999-00,LAL,0.8170000000000001,67,15
1998-99 ,LAL,0.62,31,19
1997-98,LAL,0.7440000000000001,61,21
1996-97,LAL,0.6829999999999999,56,26
1995-96,LAL,0.6459999999999999,53,29
1994-95,LAL,0.585,48,34
1993-94,LAL,0.402,33,49
1992-93,LAL,0.47600000000000003,39,43
1991-92,LAL,0.524,43,39
1990-91,LAL,0.7070000000000001,58,24
1989-90,LAL,0.768,63,19
1988-89,LAL,0.695,57,25
1987-88,LAL,0.7559999999999999,62,20
1986-87,LAL,0.7929999999999999,65,17
1985-86,LAL,0.7559999999999999,62,20
1984-85,LAL,0.7559999999999999,62,20
1983-84,LAL,0.659,54,28
1982-83,LAL,0.7070000000000001,58,24
1981-82,LAL,0.695,57,25
1980-81,LAL,0.659,54,28
2017-18,MEM,0.268,22,60
2016-17,MEM,0.524,43,39
2015-16,MEM,0.512,42,40
2014-15,MEM,0.6709999999999999,55,27
2013-14,MEM,0.61,50,32
2012-13,MEM,0.6829999999999999,56,26
2011-12 ,MEM,0.621,41,25
2010-11,MEM,0.561,46,36
2009-10,MEM,0.488,40,42
2008-09,MEM,0.293,24,58
2007-08,MEM,0.268,22,60
2006-07,MEM,0.268,22,60
2005-06,MEM,0.598,49,33
2004-05,MEM,0.5489999999999999,45,37
2003-04,MEM,0.61,50,32
2002-03,MEM,0.341,28,54
2001-02,MEM,0.28,23,59
2000-01,MEM,0.28,23,59
1999-00,MEM,0.268,22,60
1998-99 ,MEM,0.16,8-,2
1997-98,MEM,0.23199999999999998,19,63
1996-97,MEM,0.171,14,68
1995-96,MEM,0.183,15,67
2017-18,MIA,0.537,44,38
2016-17,MIA,0.5,41,41
2015-16,MIA,0.585,48,34
2014-15,MIA,0.451,37,45
2013-14,MIA,0.659,54,28
2012-13,MIA,0.805,66,16
2011-12 ,MIA,0.6970000000000001,46,20
2010-11,MIA,0.7070000000000001,58,24
2009-10,MIA,0.573,47,35
2008-09,MIA,0.524,43,39
2007-08,MIA,0.183,15,67
2006-07,MIA,0.537,44,38
2005-06,MIA,0.634,52,30
2004-05,MIA,0.72,59,23
2003-04,MIA,0.512,42,40
2002-03,MIA,0.305,25,57
2001-02,MIA,0.439,36,46
2000-01,MIA,0.61,50,32
1999-00,MIA,0.634,52,30
1998-99 ,MIA,0.66,33,17
1997-98,MIA,0.6709999999999999,55,27
1996-97,MIA,0.7440000000000001,61,21
1995-96,MIA,0.512,42,40
1994-95,MIA,0.39,32,50
1993-94,MIA,0.512,42,40
1992-93,MIA,0.439,36,46
1991-92,MIA,0.46299999999999997,38,44
1990-91,MIA,0.293,24,58
1989-90,MIA,0.22,18,64
1988-89,MIA,0.183,15,67
2017-18,MIL,0.537,44,38
2016-17,MIL,0.512,42,40
2015-16,MIL,0.402,33,49
2014-15,MIL,0.5,41,41
2013-14,MIL,0.183,15,67
2012-13,MIL,0.46299999999999997,38,44
2011-12 ,MIL,0.47,31,35
2010-11,MIL,0.42700000000000005,35,47
2009-10,MIL,0.561,46,36
2008-09,MIL,0.415,34,48
2007-08,MIL,0.317,26,56
2006-07,MIL,0.341,28,54
2005-06,MIL,0.488,40,42
2004-05,MIL,0.366,30,52
2003-04,MIL,0.5,41,41
2002-03,MIL,0.512,42,40
2001-02,MIL,0.5,41,41
2000-01,MIL,0.634,52,30
1999-00,MIL,0.512,42,40
1998-99 ,MIL,0.56,28,22
1997-98,MIL,0.439,36,46
1996-97,MIL,0.402,33,49
1995-96,MIL,0.305,25,57
1994-95,MIL,0.415,34,48
1993-94,MIL,0.244,20,62
1992-93,MIL,0.341,28,54
1991-92,MIL,0.37799999999999995,31,51
1990-91,MIL,0.585,48,34
1989-90,MIL,0.537,44,38
1988-89,MIL,0.598,49,33
1987-88,MIL,0.512,42,40
1986-87,MIL,0.61,50,32
1985-86,MIL,0.695,57,25
1984-85,MIL,0.72,59,23
1983-84,MIL,0.61,50,32
1982-83,MIL,0.622,51,31
1981-82,MIL,0.6709999999999999,55,27
1980-81,MIL,0.732,60,22
2017-18,MIN,0.573,47,35
2016-17,MIN,0.37799999999999995,31,51
2015-16,MIN,0.354,29,53
2014-15,MIN,0.195,16,66
2013-14,MIN,0.488,40,42
2012-13,MIN,0.37799999999999995,31,51
2011-12 ,MIN,0.39399999999999996,26,40
2010-11,MIN,0.207,17,65
2009-10,MIN,0.183,15,67
2008-09,MIN,0.293,24,58
2007-08,MIN,0.268,22,60
2006-07,MIN,0.39,32,50
2005-06,MIN,0.402,33,49
2004-05,MIN,0.537,44,38
2003-04,MIN,0.7070000000000001,58,24
2002-03,MIN,0.622,51,31
2001-02,MIN,0.61,50,32
2000-01,MIN,0.573,47,35
1999-00,MIN,0.61,50,32
1998-99 ,MIN,0.5,25,25
1997-98,MIN,0.5489999999999999,45,37
1996-97,MIN,0.488,40,42
1995-96,MIN,0.317,26,56
1994-95,MIN,0.256,21,61
1993-94,MIN,0.244,20,62
1992-93,MIN,0.23199999999999998,19,63
1991-92,MIN,0.183,15,67
1990-91,MIN,0.354,29,53
1989-90,MIN,0.268,22,60
2017-18,NOP,0.585,48,34
2016-17,NOP,0.415,34,48
2015-16,NOP,0.366,30,52
2014-15,NOP,0.5489999999999999,45,37
2013-14,NOP,0.415,34,48
2012-13,CHA,0.32899999999999996,27,55
2011-12 ,CHA,0.318,21,45
2010-11,CHA,0.561,46,36
2009-10,CHA,0.451,37,45
2008-09,CHA,0.598,49,33
2007-08,CHA,0.6829999999999999,56,26
2006-07,CHA,0.47600000000000003,39,43
2005-06,CHA,0.46299999999999997,38,44
2004-05,CHA,0.22,18,64
2003-04,CHA,0.5,41,41
2002-03,CHA,0.573,47,35
2017-18,NYK,0.354,29,53
2016-17,NYK,0.37799999999999995,31,51
2015-16,NYK,0.39,32,50
2014-15,NYK,0.207,17,65
2013-14,NYK,0.451,37,45
2012-13,NYK,0.659,54,28
2011-12 ,NYK,0.545,36,30
2010-11,NYK,0.512,42,40
2009-10,NYK,0.354,29,53
2008-09,NYK,0.39,32,50
2007-08,NYK,0.28,23,59
2006-07,NYK,0.402,33,49
2005-06,NYK,0.28,23,59
2004-05,NYK,0.402,33,49
2003-04,NYK,0.47600000000000003,39,43
2002-03,NYK,0.451,37,45
2001-02,NYK,0.366,30,52
2000-01,NYK,0.585,48,34
1999-00,NYK,0.61,50,32
1998-99 ,NYK,0.54,27,23
1997-98,NYK,0.524,43,39
1996-97,NYK,0.695,57,25
1995-96,NYK,0.573,47,35
1994-95,NYK,0.6709999999999999,55,27
1993-94,NYK,0.695,57,25
1992-93,NYK,0.732,60,22
1991-92,NYK,0.622,51,31
1990-91,NYK,0.47600000000000003,39,43
1989-90,NYK,0.5489999999999999,45,37
1988-89,NYK,0.634,52,30
1987-88,NYK,0.46299999999999997,38,44
1986-87,NYK,0.293,24,58
1985-86,NYK,0.28,23,59
1984-85,NYK,0.293,24,58
1983-84,NYK,0.573,47,35
1982-83,NYK,0.537,44,38
1981-82,NYK,0.402,33,49
1980-81,NYK,0.61,50,32
2017-18,OKC,0.585,48,34
2016-17,OKC,0.573,47,35
2015-16,OKC,0.6709999999999999,55,27
2014-15,OKC,0.5489999999999999,45,37
2013-14,OKC,0.72,59,23
2012-13,OKC,0.732,60,22
2011-12 ,OKC,0.7120000000000001,47,19
2010-11,OKC,0.6709999999999999,55,27
2009-10,OKC,0.61,50,32
2008-09,OKC,0.28,23,59
2007-08,SEAs,0.244,20,62
2006-07,SEAs,0.37799999999999995,31,51
2005-06,SEAs,0.42700000000000005,35,47
2004-05,SEAs,0.634,52,30
2003-04,SEAs,0.451,37,45
2002-03,SEAs,0.488,40,42
2001-02,SEAs,0.5489999999999999,45,37
2000-01,SEAs,0.537,44,38
1999-00,SEAs,0.5489999999999999,45,37
1998-99 ,SEAs,0.5,25,25
1997-98,SEAs,0.7440000000000001,61,21
1996-97,SEAs,0.695,57,25
1995-96,SEAs,0.78,64,18
1994-95,SEAs,0.695,57,25
1993-94,SEAs,0.768,63,19
1992-93,SEAs,0.6709999999999999,55,27
1991-92,SEAs,0.573,47,35
1990-91,SEAs,0.5,41,41
1989-90,SEAs,0.5,41,41
1988-89,SEAs,0.573,47,35
1987-88,SEAs,0.537,44,38
1986-87,SEAs,0.47600000000000003,39,43
1985-86,SEAs,0.37799999999999995,31,51
1984-85,SEAs,0.37799999999999995,31,51
1983-84,SEAs,0.512,42,40
1982-83,SEAs,0.585,48,34
1981-82,SEAs,0.634,52,30
1980-81,SEAs,0.415,34,48
2017-18,ORL,0.305,25,57
2016-17,ORL,0.354,29,53
2015-16,ORL,0.42700000000000005,35,47
2014-15,ORL,0.305,25,57
2013-14,ORL,0.28,23,59
2012-13,ORL,0.244,20,62
2011-12 ,ORL,0.561,37,29
2010-11,ORL,0.634,52,30
2009-10,ORL,0.72,59,23
2008-09,ORL,0.72,59,23
2007-08,ORL,0.634,52,30
2006-07,ORL,0.488,40,42
2005-06,ORL,0.439,36,46
2004-05,ORL,0.439,36,46
2003-04,ORL,0.256,21,61
2002-03,ORL,0.512,42,40
2001-02,ORL,0.537,44,38
2000-01,ORL,0.524,43,39
1999-00,ORL,0.5,41,41
1998-99 ,ORL,0.66,33,17
1997-98,ORL,0.5,41,41
1996-97,ORL,0.5489999999999999,45,37
1995-96,ORL,0.732,60,22
1994-95,ORL,0.695,57,25
1993-94,ORL,0.61,50,32
1992-93,ORL,0.5,41,41
1991-92,ORL,0.256,21,61
1990-91,ORL,0.37799999999999995,31,51
1989-90,ORL,0.22,18,64
2017-18,PHI,0.634,52,30
2016-17,PHI,0.341,28,54
2015-16,PHI,0.122,10,72
2014-15,PHI,0.22,18,64
2013-14,PHI,0.23199999999999998,19,63
2012-13,PHI,0.415,34,48
2011-12 ,PHI,0.53,35,31
2010-11,PHI,0.5,41,41
2009-10,PHI,0.32899999999999996,27,55
2008-09,PHI,0.5,41,41
2007-08,PHI,0.488,40,42
2006-07,PHI,0.42700000000000005,35,47
2005-06,PHI,0.46299999999999997,38,44
2004-05,PHI,0.524,43,39
2003-04,PHI,0.402,33,49
2002-03,PHI,0.585,48,34
2001-02,PHI,0.524,43,39
2000-01,PHI,0.6829999999999999,56,26
1999-00,PHI,0.598,49,33
1998-99 ,PHI,0.56,28,22
1997-98,PHI,0.37799999999999995,31,51
1996-97,PHI,0.268,22,60
1995-96,PHI,0.22,18,64
1994-95,PHI,0.293,24,58
1993-94,PHI,0.305,25,57
1992-93,PHI,0.317,26,56
1991-92,PHI,0.42700000000000005,35,47
1990-91,PHI,0.537,44,38
1989-90,PHI,0.6459999999999999,53,29
1988-89,PHI,0.561,46,36
1987-88,PHI,0.439,36,46
1986-87,PHI,0.5489999999999999,45,37
1985-86,PHI,0.659,54,28
1984-85,PHI,0.7070000000000001,58,24
1983-84,PHI,0.634,52,30
1982-83,PHI,0.7929999999999999,65,17
1981-82,PHI,0.7070000000000001,58,24
1980-81,PHI,0.7559999999999999,62,20
2017-18,PHX,0.256,21,61
2016-17,PHX,0.293,24,58
2015-16,PHX,0.28,23,59
2014-15,PHX,0.47600000000000003,39,43
2013-14,PHX,0.585,48,34
2012-13,PHX,0.305,25,57
2011-12 ,PHX,0.5,33,33
2010-11,PHX,0.488,40,42
2009-10,PHX,0.659,54,28
2008-09,PHX,0.561,46,36
2007-08,PHX,0.6709999999999999,55,27
2006-07,PHX,0.7440000000000001,61,21
2005-06,PHX,0.659,54,28
2004-05,PHX,0.7559999999999999,62,20
2003-04,PHX,0.354,29,53
2002-03,PHX,0.537,44,38
2001-02,PHX,0.439,36,46
2000-01,PHX,0.622,51,31
1999-00,PHX,0.6459999999999999,53,29
1998-99 ,PHX,0.54,27,23
1997-98,PHX,0.6829999999999999,56,26
1996-97,PHX,0.488,40,42
1995-96,PHX,0.5,41,41
1994-95,PHX,0.72,59,23
1993-94,PHX,0.6829999999999999,56,26
1992-93,PHX,0.7559999999999999,62,20
1991-92,PHX,0.6459999999999999,53,29
1990-91,PHX,0.6709999999999999,55,27
1989-90,PHX,0.659,54,28
1988-89,PHX,0.6709999999999999,55,27
1987-88,PHX,0.341,28,54
1986-87,PHX,0.439,36,46
1985-86,PHX,0.39,32,50
1984-85,PHX,0.439,36,46
1983-84,PHX,0.5,41,41
1982-83,PHX,0.6459999999999999,53,29
1981-82,PHX,0.561,46,36
1980-81,PHX,0.695,57,25
2017-18,POR,0.598,49,33
2016-17,POR,0.5,41,41
2015-16,POR,0.537,44,38
2014-15,POR,0.622,51,31
2013-14,POR,0.659,54,28
2012-13,POR,0.402,33,49
2011-12 ,POR,0.424,28,38
2010-11,POR,0.585,48,34
2009-10,POR,0.61,50,32
2008-09,POR,0.659,54,28
2007-08,POR,0.5,41,41
2006-07,POR,0.39,32,50
2005-06,POR,0.256,21,61
2004-05,POR,0.32899999999999996,27,55
2003-04,POR,0.5,41,41
2002-03,POR,0.61,50,32
2001-02,POR,0.598,49,33
2000-01,POR,0.61,50,32
1999-00,POR,0.72,59,23
1998-99 ,POR,0.7,35,15
1997-98,POR,0.561,46,36
1996-97,POR,0.598,49,33
1995-96,POR,0.537,44,38
1994-95,POR,0.537,44,38
1993-94,POR,0.573,47,35
1992-93,POR,0.622,51,31
1991-92,POR,0.695,57,25
1990-91,POR,0.768,63,19
1989-90,POR,0.72,59,23
1988-89,POR,0.47600000000000003,39,43
1987-88,POR,0.6459999999999999,53,29
1986-87,POR,0.598,49,33
1985-86,POR,0.488,40,42
1984-85,POR,0.512,42,40
1983-84,POR,0.585,48,34
1982-83,POR,0.561,46,36
1981-82,POR,0.512,42,40
1980-81,POR,0.5489999999999999,45,37
2017-18,SAC,0.32899999999999996,27,55
2016-17,SAC,0.39,32,50
2015-16,SAC,0.402,33,49
2014-15,SAC,0.354,29,53
2013-14,SAC,0.341,28,54
2012-13,SAC,0.341,28,54
2011-12 ,SAC,0.33299999999999996,22,44
2010-11,SAC,0.293,24,58
2009-10,SAC,0.305,25,57
2008-09,SAC,0.207,17,65
2007-08,SAC,0.46299999999999997,38,44
2006-07,SAC,0.402,33,49
2005-06,SAC,0.537,44,38
2004-05,SAC,0.61,50,32
2003-04,SAC,0.6709999999999999,55,27
2002-03,SAC,0.72,59,23
2001-02,SAC,0.7440000000000001,61,21
2000-01,SAC,0.6709999999999999,55,27
1999-00,SAC,0.537,44,38
1998-99 ,SAC,0.54,27,23
1997-98,SAC,0.32899999999999996,27,55
1996-97,SAC,0.415,34,48
1995-96,SAC,0.47600000000000003,39,43
1994-95,SAC,0.47600000000000003,39,43
1993-94,SAC,0.341,28,54
1992-93,SAC,0.305,25,57
1991-92,SAC,0.354,29,53
1990-91,SAC,0.305,25,57
1989-90,SAC,0.28,23,59
1988-89,SAC,0.32899999999999996,27,55
1987-88,SAC,0.293,24,58
1986-87,SAC,0.354,29,53
1985-86,SAC,0.451,37,45
1984-85,SAC,0.37799999999999995,31,51
1983-84,SAC,0.46299999999999997,38,44
1982-83,SAC,0.5489999999999999,45,37
1981-82,SAC,0.366,30,52
1980-81,SAC,0.488,40,42
2017-18,SAS,0.573,47,35
2016-17,SAS,0.7440000000000001,61,21
2015-16,SAS,0.8170000000000001,67,15
2014-15,SAS,0.6709999999999999,55,27
2013-14,SAS,0.7559999999999999,62,20
2012-13,SAS,0.7070000000000001,58,24
2011-12 ,SAS,0.758,50,16
2010-11,SAS,0.7440000000000001,61,21
2009-10,SAS,0.61,50,32
2008-09,SAS,0.659,54,28
2007-08,SAS,0.6829999999999999,56,26
2006-07,SAS,0.7070000000000001,58,24
2005-06,SAS,0.768,63,19
2004-05,SAS,0.72,59,23
2003-04,SAS,0.695,57,25
2002-03,SAS,0.732,60,22
2001-02,SAS,0.7070000000000001,58,24
2000-01,SAS,0.7070000000000001,58,24
1999-00,SAS,0.6459999999999999,53,29
1998-99 ,SAS,0.74,37,13
1997-98,SAS,0.6829999999999999,56,26
1996-97,SAS,0.244,20,62
1995-96,SAS,0.72,59,23
1994-95,SAS,0.7559999999999999,62,20
1993-94,SAS,0.6709999999999999,55,27
1992-93,SAS,0.598,49,33
1991-92,SAS,0.573,47,35
1990-91,SAS,0.6709999999999999,55,27
1989-90,SAS,0.6829999999999999,56,26
1988-89,SAS,0.256,21,61
1987-88,SAS,0.37799999999999995,31,51
1986-87,SAS,0.341,28,54
1985-86,SAS,0.42700000000000005,35,47
1984-85,SAS,0.5,41,41
1983-84,SAS,0.451,37,45
1982-83,SAS,0.6459999999999999,53,29
1981-82,SAS,0.585,48,34
1980-81,SAS,0.634,52,30
1979-80,SAS,0.5,41,41
2017-18,TOR,0.72,59,23
2016-17,TOR,0.622,51,31
2015-16,TOR,0.6829999999999999,56,26
2014-15,TOR,0.598,49,33
2013-14,TOR,0.585,48,34
2012-13,TOR,0.415,34,48
2011-12 ,TOR,0.348,23,43
2010-11,TOR,0.268,22,60
2009-10,TOR,0.488,40,42
2008-09,TOR,0.402,33,49
2007-08,TOR,0.5,41,41
2006-07,TOR,0.573,47,35
2005-06,TOR,0.32899999999999996,27,55
2004-05,TOR,0.402,33,49
2003-04,TOR,0.402,33,49
2002-03,TOR,0.293,24,58
2001-02,TOR,0.512,42,40
2000-01,TOR,0.573,47,35
1999-00,TOR,0.5489999999999999,45,37
1998-99 ,TOR,0.46,23,27
1997-98,TOR,0.195,16,66
1996-97,TOR,0.366,30,52
1995-96,TOR,0.256,21,61
2017-18,UTA,0.585,48,34
2016-17,UTA,0.622,51,31
2015-16,UTA,0.488,40,42
2014-15,UTA,0.46299999999999997,38,44
2013-14,UTA,0.305,25,57
2012-13,UTA,0.524,43,39
2011-12 ,UTA,0.545,36,30
2010-11,UTA,0.47600000000000003,39,43
2009-10,UTA,0.6459999999999999,53,29
2008-09,UTA,0.585,48,34
2007-08,UTA,0.659,54,28
2006-07,UTA,0.622,51,31
2005-06,UTA,0.5,41,41
2004-05,UTA,0.317,26,56
2003-04,UTA,0.512,42,40
2002-03,UTA,0.573,47,35
2001-02,UTA,0.537,44,38
2000-01,UTA,0.6459999999999999,53,29
1999-00,UTA,0.6709999999999999,55,27
1998-99 ,UTA,0.74,37,13
1997-98,UTA,0.7559999999999999,62,20
1996-97,UTA,0.78,64,18
1995-96,UTA,0.6709999999999999,55,27
1994-95,UTA,0.732,60,22
1993-94,UTA,0.6459999999999999,53,29
1992-93,UTA,0.573,47,35
1991-92,UTA,0.6709999999999999,55,27
1990-91,UTA,0.659,54,28
1989-90,UTA,0.6709999999999999,55,27
1988-89,UTA,0.622,51,31
1987-88,UTA,0.573,47,35
1986-87,UTA,0.537,44,38
1985-86,UTA,0.512,42,40
1984-85,UTA,0.5,41,41
1983-84,UTA,0.5489999999999999,45,37
1982-83,UTA,0.366,30,52
1981-82,UTA,0.305,25,57
1980-81,UTA,0.341,28,54
2017-18,WAS,0.524,43,39
2016-17,WAS,0.598,49,33
2015-16,WAS,0.5,41,41
2014-15,WAS,0.561,46,36
2013-14,WAS,0.537,44,38
2012-13,WAS,0.354,29,53
2011-12 ,WAS,0.303,20,46
2010-11,WAS,0.28,23,59
2009-10,WAS,0.317,26,56
2008-09,WAS,0.23199999999999998,19,63
2007-08,WAS,0.524,43,39
2006-07,WAS,0.5,41,41
2005-06,WAS,0.512,42,40
2004-05,WAS,0.5489999999999999,45,37
2003-04,WAS,0.305,25,57
2002-03,WAS,0.451,37,45
2001-02,WAS,0.451,37,45
2000-01,WAS,0.23199999999999998,19,63
1999-00,WAS,0.354,29,53
1998-99 ,WAS,0.36,18,32
1997-98,WAS,0.512,42,40
1996-97,WAS,0.537,44,38
1995-96,WAS,0.47600000000000003,39,43
1994-95,WAS,0.256,21,61
1993-94,WAS,0.293,24,58
1992-93,WAS,0.268,22,60
1991-92,WAS,0.305,25,57
1990-91,WAS,0.366,30,52
1989-90,WAS,0.37799999999999995,31,51
1988-89,WAS,0.488,40,42
1987-88,WAS,0.46299999999999997,38,44
1986-87,WAS,0.512,42,40
1985-86,WAS,0.47600000000000003,39,43
1984-85,WAS,0.488,40,42
1983-84,WAS,0.42700000000000005,35,47
1982-83,WAS,0.512,42,40
1981-82,WAS,0.524,43,39
1980-81,WAS,0.47600000000000003,39,43
